key,label,input,output
merged_topic_0_0,"checksum, data, items, layer, protocols, numbers, sum, send, message","<task:merge> <sos>
The checksum is used in the Internet by several protocols although not at the data link layer
The receiver can add all the numbers received ( including the checksum )
The sender initializes the checksum to and adds all data items and the checksum ( the checksum is considered as one data item and is shown in color )
The sender now sends six data items to the receiver including the checksum
Since the value of the checksum is this means that the data is not corrupted
The receiver drops the checksum and keeps the other data items
If the checksum is not zero the entire packet is dropped
The checksum is sent with the data
If the value of checksum is the message is accepted otherwise it is rejected
Note that if there is any corruption the checksum recalculated by the receiver is not all s

++++

In the Internet the checksum technique is mostly used at the network and transport layer rather than the datalink layer
The generator then creates anextra extram mbitbit unit called the checksum which is sent with the message
At the destination the checker creates a new checksum from the combination of the message and sent checksum
If the checksup is all s the message is accepted other wise the message is discarded
Example Suppose our data is a list of five bit numbers that we want to send to a destination
In addition to sending these numbers we send the sum of the numbers
For example if the set of numbers is ( ) we send ( ) where is the sum of the original numbers
The receiver adds the five numbers and compares the result with the sum
If the two are the same the receiver assumes no error accepts the five numbers and discards the sum
For Simplicity Example We can make the job of the receiver easier if we send the negative ( complement ) of the sum called the checksum
In this case we send ( )
The receiver can add all the numbers received ( including the checksum )
<eos>","The checksum is used in the Internet by several protocols, primarily at the network and transport layer rather than at the data link layer. The sender initializes the checksum and adds all data items, treating the checksum itself as one data item. An extra mbitbit unit, called the checksum, is then created by the generator and sent along with the message or data. For example, if the data is a list of five-bit numbers such as ( ), the sender can transmit ( ) where the last element is the sum of the original numbers. For simplicity, the receiver's job can be made easier if the negative (complement) of the sum, called the checksum, is sent, in which case the sender transmits ( ). The sender now sends these data items to the receiver, including the checksum. At the destination, the receiver can add all the numbers received, including the checksum. The checker creates a new checksum from the combination of the message and the sent checksum. If the checksup is all ones, or if the sum of all numbers received (including the checksum) results in zero, the message is accepted, assuming no error. Note that if there is any corruption, the checksum recalculated by the receiver will not be all ones. If the checksum is not all ones or not zero, the entire packet is dropped, or the message is rejected. Upon acceptance, the receiver drops the checksum and keeps the other data items."
merged_topic_1_0,"hamming, distance, minimum, dmin, scheme, coding, block","<task:merge> <sos>
Table A code for error correction ( Example ) Note The Hamming distance between two words is the number of differences between corresponding bits
Example Let us find the Hamming distance between two pairs of words
The Hamming distance d ( ) is because
The Hamming distance d ( ) is because Note The minimum Hamming distance is the smallest Hamming distance between all possible pairs in a set of words

++++

Coding schemes are divided into two broad categories Block coding Convolution coding Dataword Codeword Block Coding Message Messageis isdivided dividedinto intoblocks blockseach eachof ofk kbits bitscalled calleddatawords datawords We Weadd addr rredundant redundantbits bitsto toeach eachblock blockto tomake makethe thelength lengthn n k k r r The Theresulting resultingn nbitbitblocks blocksare arecalled calledcodewords codewords Datawords and codewords in block coding Block Coding With k bits we can create a combination of k datawords
Error Detection in Block coding Two conditions satisfy the error detection
Hamming Distance It is one of the central concept in coding for error control
Why do you think Hamming distance is important for error detection
The reason is that the Hamming distance between the received codeword and the sent codeword is the number of bits that are corrupted during transmission
dmin used to define the minimum Hamming distance in a coding scheme
The dmin in this case is
Table A code for error detection ( Example ) BLOCK CODING BLOCK CODING Minimum Hamming Distance Minimum Hamming Distance Find the minimum Hamming distance of the coding scheme in Table
Table A code for error correction ( Example ) BLOCK CODING Three Parameters For any coding scheme we need three parameters
Code word size n Dataword size k Minimum Hamming distance dmin A coding scheme C is written is C ( n k ) with a separate expression for dmin For example C ( ) with dmin and C ( ) with dmin
Relationship in between Hamming distance and errors occurring Hamming distance between the sent and received codewords is the number of bits affected by the error
<eos>","The Hamming distance between two words is defined as the number of differences between their corresponding bits. This concept is central in coding for error control, as the Hamming distance between a received codeword and a sent codeword represents the number of bits corrupted during transmission. The minimum Hamming distance (dmin) is the smallest Hamming distance between all possible pairs in a given set of words within a coding scheme. Coding schemes are broadly divided into two categories: Block coding and Convolution coding. In Block coding, a message is initially divided into blocks, each consisting of k bits, which are termed datawords. To form codewords, r redundant bits are added to each dataword, resulting in n-bit blocks, where the total length n equals k + r. These resulting n-bit blocks are known as codewords. For any coding scheme, three key parameters are essential: the codeword size (n), the dataword size (k), and the minimum Hamming distance (dmin). A coding scheme C is typically expressed as C (n, k), with a separate notation for its dmin, such as C ( ) with dmin and C ( ) with dmin. Error detection in Block coding is directly related to these fundamental concepts."
merged_topic_1_1,"hamming, distance, minimum, dmin, scheme, coding, block","<task:merge> <sos>
Example Find the minimum Hamming distance of the coding scheme in Table
Solution We first find all Hamming distances
Solution We first find all the Hamming distances
Note To guarantee the detection of up to s errors in all cases the minimum Hamming distance in a block code must be dmin s
Example The minimum Hamming distance for our first code scheme ( Table ) is
Example A code scheme has a Hamming distance dmin
Error correction codes need to have an odd minimum distance (
So the minimum Hamming distance is dmin
Note All Hamming codes discussed in this book have dmin

++++

For example send codeword received codeword bits are in error and the Hamming distance is d ( ) Minimum Hamming Distance for Error Detection If s errors occur during transmission the Hamming distance between the sent codeword and received codeword is s If it is necessary to detect upto s errors the minimum hamming distance between the valid codes must be s so that the received codeword does not match a valid codeword
To guarantee the detection of up to s errors in all cases the minimum Hamming distance in a block code must be dmins The minimum Hamming distance for our first code scheme from the table is dmin s or s S So this code guarantees detection of only a single error
Dataword Codeword BLOCK CODING Minimum Distance for Error Correction To guarantee correction of up to tt errors in all cases the minimum Hamming distance in a block code must be dmin t
BLOCK CODING Minimum Distance for Error Minimum Distance for Error Correction Correction Example BLOCK CODING A code scheme has a Hamming distance dmin
Error correction codes need to have anodd oddminimum minimumdistance distance (
Linear Block Codes This is the widespread used coding scheme
A linear block code is a code in which the exclusive OR of two valid codeword creates another valid codeword
Hamming codes Hamming codes were originally designed with dmin which means that can detect up to two errors or correct one single error
<eos>","To find the minimum Hamming distance of a coding scheme, one must first find all Hamming distances. For example, when a codeword is sent and a received codeword has bits in error, the Hamming distance is calculated as d(). If s errors occur during transmission, the Hamming distance between the sent codeword and received codeword is s. To guarantee the detection of up to s errors in all cases, the minimum Hamming distance in a block code must be dmin s; this also ensures the received codeword does not match a valid codeword. The minimum Hamming distance for our first code scheme from the table is dmin s, or s S, which guarantees detection of only a single error. For error correction, to guarantee correction of up to tt errors in all cases, the minimum Hamming distance in a block code must be dmin t. Error correction codes generally need to have an odd minimum distance, and a code scheme has a Hamming distance dmin. Linear Block Codes represent a widespread used coding scheme where the exclusive OR of two valid codewords creates another valid codeword. All Hamming codes discussed in this book have dmin; specifically, Hamming codes were originally designed with dmin which means they can detect up to two errors or correct one single error."
merged_topic_2_0,"hamming, distance, minimum, dmin, scheme, words, pairs, distances","<task:merge> <sos>
Table A code for error correction ( Example ) Note The Hamming distance between two words is the number of differences between corresponding bits
Example Let us find the Hamming distance between two pairs of words
The Hamming distance d ( ) is because
The Hamming distance d ( ) is because Note The minimum Hamming distance is the smallest Hamming distance between all possible pairs in a set of words
Example Find the minimum Hamming distance of the coding scheme in Table
Solution We first find all Hamming distances
Solution We first find all the Hamming distances
Note To guarantee the detection of up to s errors in all cases the minimum Hamming distance in a block code must be dmin s
Example The minimum Hamming distance for our first code scheme ( Table ) is
Example A code scheme has a Hamming distance dmin
Error correction codes need to have an odd minimum distance (
So the minimum Hamming distance is dmin
Note All Hamming codes discussed in this book have dmin

++++

The Hamming distance between two words ( of the same size ) as the number of difference between the corresponding bits
Let us find the Hamming distance between two pairs of words
The Hamming distance d ( ) is because
The Hamming distance d ( ) is because Hamming Distance Let us find the Hamming distance between two pairs of words
The Hamming distance d ( ) is because BLOCK CODING Minimum Hamming Distance Minimum Hamming Distance The minimum Hamming distance is the smallest Hamming distance all possible pairs in a set of words
Solution We first find all Hamming distances
Solution We first find all the Hamming distances
<eos>","The Hamming distance between two words (of the same size) is the number of differences between corresponding bits. Let us find the Hamming distance between two pairs of words; for example, the Hamming distance d( ) is because [specific calculations are implied here]. The minimum Hamming distance is defined as the smallest Hamming distance between all possible pairs in a set of words. To determine this, we first find all the Hamming distances. For instance, find the minimum Hamming distance of the coding scheme presented in a Table. The minimum Hamming distance for our first code scheme (from the Table) is [value], thus the minimum Hamming distance is dmin. A code scheme has a Hamming distance dmin. To guarantee the detection of up to 's' errors in all cases, the minimum Hamming distance in a block code must be dmin â‰¥ s. Furthermore, error correction codes need to have an odd minimum distance. All Hamming codes discussed in this book inherently have a specified minimum distance (dmin)."
merged_topic_3_0,"received, codeword, transmission, corrupted, accepts, receiver, dataword, syndrome","<task:merge> <sos>
The codeword is corrupted during transmission and is received
The receiver accepts the received codeword and the errors are undetected
No error occurs the received codeword is
The received codeword is
The codeword is received

++++

Hence out of codewords are used for message transfer and rest are unused
If the receiver receives an invalid codeword this indicates that the data was corrupted during transmission
The receiver has a list of valid codewords
Let k and n Dataword Codeword Let the sender encodes dataword as and send it receiver
Receiver receives it is valid codeword
Dataword is extracted by receiver
Receiver incorrectly extracts dataword
Dataword Codeword An errordetecting code can detect only the types of errors for which it is designed other types of errors may remain undetected
If the syndrome is there is no error in the received codeword codeword is accepted as the dataword if the syndrome is the data portion of the received codeword is discarded
The codeword created from this dataword is which is sent to the receiver
The dataword is created at the receiver
Note that here the dataword is wrongly created due to the syndrome valueThe Thesimply simplyparity paritycheckcheckdecoder decodercannot cannotdetect detectan aneven evennumbers numbersof oferrors errors
Dataword becomes codeword is received syndrome no error
The dataword is sent as codeword
Relationship among the sent codeword error received codeword and the generator
The receiver divides the received codeword by g ( x ) to get the syndrome
<eos>","Let k denote the dataword and n denote the codeword. The sender encodes the dataword into a codeword (n) and transmits it to the receiver. This codeword is received, though it can be corrupted during transmission. The receiver maintains a list of valid codewords; hence, out of all possible codewords, some are used for message transfer while the rest remain unused. If the receiver receives an invalid codeword, this indicates that the data was corrupted during transmission. To check for errors, the receiver divides the received codeword by g(x) to obtain the syndrome. If the syndrome indicates no error, the received codeword is accepted as the dataword, which is then extracted by the receiver. Conversely, if the syndrome is non-zero, the data portion of the received codeword is discarded. It is crucial to understand that an error-detecting code can only detect specific types of errors for which it is designed, and other types of errors may remain undetected; for example, a simple parity check decoder cannot detect an even number of errors. Sometimes, no error occurs in the received codeword at all. However, even when the received codeword is accepted and errors are undetected, the receiver might still incorrectly extract or create the dataword, particularly if the dataword is wrongly created due to the syndrome value."
merged_topic_4_0,"generator, note, simple, errors, isolated, paritycheck, odd, number, parity","<task:merge> <sos>
Note A simple paritycheck code is a singlebit errordetecting code in which n k with dmin
This shows that the simple parity check guaranteed to detect one single error can also find any odd number of errors
Note A simple paritycheck code can detect an odd number of errors
Note In a cyclic code those e ( x ) errors that are divisible by g ( x ) are not caught
Note If the generator has more than one term and the coefficient of x is all single errors can be caught
Example Find the status of the following generators related to two isolated singlebit errors
This is a very poor choice for a generator
A codeword with two isolated errors up to bits apart can be detected by this generator
Note A generator that contains a factor of x can detect all oddnumbered errors
Note A good polynomial generator needs to have the following characteristics

++++

Simple parityCheck Code In Simple paritycheck code a kbit dataword is changed to an nbit codeword where nk The extra bit called the parity bit The extra bit called the parity bit is selected to make the total number of s in the codeword even
Although some implementations specify an odd number of s we discuss the even case
A simple paritycheck code is a singlebit errordetecting code in which n k with dmin
At Generator ro aaaa ( modulo ) Where if number of s is even the result is zero if number of s is odd the result is one Minimum Distance for Linear Block Codes Simple paritycheck code C ( ) Minimum Distance for Linear Block Codes At Generator ro aaaa ( modulo ) Where if number of s is even the result is zero if number of s is odd the result is one The checker at the receiver does the same thing as the generator in the sender with one exception The addition is done over all bits
Simple paritycheck ( Cont ) Assume the sender sends the dataword
Simple paritycheck ( Cont )
<eos>","A simple parity-check code is a single-bit error-detecting code in which n k with dmin; in this code, a k-bit dataword is changed to an n-bit codeword where n k, and the extra bit, called the parity bit, is selected to make the total number of 1s in the codeword even, although some implementations specify an odd number of 1s, we discuss the even case. This code is guaranteed to detect one single error and can also find any odd number of errors. At the generator ro aaaa (modulo), if the number of 1s is even, the result is zero, and if the number of 1s is odd, the result is one; the checker at the receiver does the same thing as the generator in the sender, with the exception that the addition is done over all bits. If a generator has more than one term and the coefficient of x, all single errors can be caught. A generator that contains a factor of x can detect all odd-numbered errors. However, in a cyclic code, those e (x) errors that are divisible by g (x) are not caught. A good polynomial generator needs to have the following characteristics. For example, when finding the status of generators related to two isolated single-bit errors, some options are a very poor choice for a generator; however, a codeword with two isolated errors up to bits apart can be detected by this generator."
merged_topic_5_0,"codeword, received, receiver, table, dataword, syndrome","<task:merge> <sos>
First the receiver finds that the received codeword is not in the table
The receiver assuming that there is only bit corrupted uses the following strategy to guess the correct dataword
Comparing the received codeword with the first codeword in the table ( versus ) the receiver decides that the first codeword is not the one that was sent because there are two different bits
The original codeword must be the second one in the table because this is the only one that differs from the received codeword by bit

++++

Hence out of codewords are used for message transfer and rest are unused
If the receiver receives an invalid codeword this indicates that the data was corrupted during transmission
The receiver has a list of valid codewords
Let k and n Dataword Codeword Let the sender encodes dataword as and send it receiver
Receiver receives it is valid codeword
Dataword is extracted by receiver
Receiver incorrectly extracts dataword
Dataword Codeword An errordetecting code can detect only the types of errors for which it is designed other types of errors may remain undetected
If the syndrome is there is no error in the received codeword codeword is accepted as the dataword if the syndrome is the data portion of the received codeword is discarded
The codeword created from this dataword is which is sent to the receiver
The dataword is created at the receiver
Note that here the dataword is wrongly created due to the syndrome valueThe Thesimply simplyparity paritycheckcheckdecoder decodercannot cannotdetect detectan aneven evennumbers numbersof oferrors errors
Dataword becomes codeword is received syndrome no error
The dataword is sent as codeword
Relationship among the sent codeword error received codeword and the generator
The receiver divides the received codeword by g ( x ) to get the syndrome
<eos>","Let k and n denote Dataword and Codeword respectively. The sender encodes a dataword as a codeword, which is then sent to the receiver. Only a subset of codewords are used for message transfer, with the rest remaining unused. The receiver possesses a list of valid codewords. If the receiver finds that the received codeword is not in its table, or if it receives an invalid codeword, this indicates that the data was corrupted during transmission. An error-detecting code can only detect the types of errors for which it is designed, while other types of errors may remain undetected. The relationship among the sent codeword, error, received codeword, and the generator is crucial here. The receiver divides the received codeword by g(x) to obtain the syndrome. If the syndrome indicates no error, the received codeword is accepted as the dataword. However, if the syndrome is non-zero, the data portion of the received codeword is discarded, or the dataword might be wrongly created due to the syndrome value, as a simple parity check decoder cannot detect an even number of errors. Assuming there is only a single bit corrupted, the receiver employs a strategy to guess the correct dataword. By comparing the received codeword with the first codeword in the table, for example, the receiver may decide it was not the one sent if there are two different bits. In such cases, the original codeword must be the one in the table that differs from the received codeword by only one bit, allowing the receiver to extract the dataword."
merged_topic_6_0,"complement, arithmetic, ones, number, using, represent","<task:merge> <sos>
Note In moduloN arithmetic we use only the integers in the range to N inclusive
Example How can we represent the number in ones complement arithmetic using only four bits
Solution The number in binary is ( it needs five bits )
We can wrap the leftmost bit and add it to the four rightmost bits
Solution In ones complement arithmetic the negative or complement of a number is found by inverting all bits
Positive is negative is
If we consider only unsigned numbers this is
In other words the complement of is
Another way to find the complement of a number in ones complement arithmetic is to subtract the number from n ( in this case )
Example Let us redo Exercise using ones complement arithmetic
However can not be expressed in bits
The extra two bits are wrapped and added with the sum to create the wrapped sum value
The sum is wrapped and becomes
All words are added using ones complement addition

++++

Ones Complement The previous example has one major drawback
We have solution to use ones complement arithmetic
In this ones complement arithmetic we can represent unsigned numbers between and mm using only m bits
In ones complement arithmetic we have two s one positive and one negative which are complements of each other
How can we represent the number in ones complement arithmetic using only four bits
We have ( ) ( ) ( ) ( ) How can we represent the number in ones complement arithmetic using only four bits
Solution In ones complement arithmetic the negative or complement of a number is found by inverting all bits
Positive is Ones complement of is If we consider only unsigned number this is
In other words the complement of is
<eos>","In one's complement arithmetic, unsigned numbers between 0 and 2^m - 1 can be represented using m bits. The negative or complement of a number is found by inverting all its bits; for example, positive 10101 becomes negative 01010. Another way to find the complement of a number in one's complement arithmetic is to subtract the number from 2^n - 1 (in this case, 1111). Notably, in this arithmetic, there are two zeros, one positive and one negative, which are complements of each other. If only unsigned numbers are considered, the complement of 1111 is 0000. Now, let us consider how to represent the number 15 in one's complement arithmetic using only four bits: 15 in binary is 1111, which fits perfectly into four bits. Other examples of four-bit representations include 14 (1110), 13 (1101), and 12 (1100). Note that in modulo N arithmetic, we use only integers in the range 0 to N inclusive. The previous example has one major drawback, particularly when a number, such as one whose binary representation needs five bits, must be expressed using only four bits. In such cases, the leftmost bit can be wrapped and added to the four rightmost bits. All words are added using one's complement addition; for instance, if a sum results in extra two bits, these are wrapped and added with the sum to create the wrapped sum value, which then becomes 0000. This technique can be applied when redoing Exercise 3 using one's complement arithmetic, especially when a number, such as one that requires five bits (like 2^5), cannot be expressed directly in fewer bits."
merged_topic_7_0,"valid, codeword, match, sent, errors, receiver, dataword, received, syndrome","<task:merge> <sos>
For example if the third codeword ( ) is sent and one error occurs the received codeword does not match any valid codeword
If two errors occur however the received codeword may match a valid codeword and the errors are not detected
Again we see that when any of the valid codewords is sent two errors create a codeword which is not in the table of valid codewords
However some combinations of three errors change a valid codeword to another valid codeword
Otherwise there is an error somewhere and the data are not accepted

++++

Hence out of codewords are used for message transfer and rest are unused
If the receiver receives an invalid codeword this indicates that the data was corrupted during transmission
The receiver has a list of valid codewords
Let k and n Dataword Codeword Let the sender encodes dataword as and send it receiver
Receiver receives it is valid codeword
Dataword is extracted by receiver
Receiver incorrectly extracts dataword
Dataword Codeword An errordetecting code can detect only the types of errors for which it is designed other types of errors may remain undetected
If the syndrome is there is no error in the received codeword codeword is accepted as the dataword if the syndrome is the data portion of the received codeword is discarded
The codeword created from this dataword is which is sent to the receiver
The dataword is created at the receiver
Note that here the dataword is wrongly created due to the syndrome valueThe Thesimply simplyparity paritycheckcheckdecoder decodercannot cannotdetect detectan aneven evennumbers numbersof oferrors errors
Dataword becomes codeword is received syndrome no error
The dataword is sent as codeword
Relationship among the sent codeword error received codeword and the generator
The receiver divides the received codeword by g ( x ) to get the syndrome
<eos>","Let k and n represent dataword and codeword lengths respectively. The sender encodes a dataword into a codeword, which is then sent to the receiver. The receiver has a list of valid codewords and, to check for errors, divides the received codeword by g(x) to obtain a syndrome. If the syndrome is zero, it indicates no error in the received codeword, which is then accepted as the dataword from which the original dataword is extracted. However, if the syndrome is non-zero, it signifies that the data was corrupted during transmission, and the received codeword, or specifically its data portion, is discarded, as an invalid codeword indicates an error somewhere and the data are not accepted, thus preventing the receiver from incorrectly extracting the dataword. An error-detecting code is designed to detect specific types of errors, and other types may remain undetected. For instance, if a valid codeword is sent and one error occurs, the received codeword will not match any valid codeword, thus detecting the error. Yet, if two errors occur, the received codeword may, in some cases, match a valid codeword, leading to errors not being detected, particularly as a simple parity check decoder cannot detect an even number of errors. Conversely, sometimes when two errors occur, they create a codeword which is not in the table of valid codewords, enabling detection. Moreover, some combinations of three errors can change a valid codeword to another valid codeword, causing them to go undetected. Hence, out of all possible codewords, some are used for message transfer, and the rest are unused, with the relationship among the sent codeword, the error, the received codeword, and the generator being crucial for error detection."
merged_topic_8_0,"divisible, divide, useless, greater, polynomial, remainder, xoois, xig","<task:merge> <sos>
No xi can be divisible by x
If i is equal to or greater than xi is divisible by g ( x )
c All values of i make xi divisible by g ( x )
This g ( x ) is useless
d This polynomial can not divide xt if t is less than
It should not divide xt for t between and n

++++

If the term does not have remainder ( syndrome ) either e ( x ) or e ( x ) is divisible by g ( x )
then xig ( x ) will have a remainder
If g ( x ) have at least two terms and the coefficient ofx xoois is then e ( x ) can not be divided by g ( x ) ie there will be some remainder
No xi can be divisible by x
If i is equal to or greater than xi is divisible by g ( x )
c All values of i make xi divisible by g ( x )
<eos>","No xi can be divisible by x. If i is equal to or greater than, xi is divisible by g(x), and all values of i make xi divisible by g(x). This g(x) is useless. If the term does not have remainder (syndrome), then either e(x) or e(x) is divisible by g(x); however, xig(x) will then have a remainder. Moreover, if g(x) has at least two terms and the coefficient of xoois is, then e(x) cannot be divided by g(x), meaning there will be some remainder. Finally, this polynomial cannot divide xt if t is less than, and it should not divide xt for t between and n."
merged_topic_9_0,"error, discuss, detection, correction, section, data, applications, require, chances, corrupt","<task:merge> <sos>
Some applications require that errors be detected and corrected
INTRODUCTION Let us first discuss some issues related directly or indirectly to error detection and correction
Let us first discuss some issues related directly or indirectly to error detection and correction
Topics discussed in this section Types of Errors Redundancy Detection Versus Correction Forward Error Correction Versus Retransmission Coding Modular Arithmetic Topics discussed in this section Note In a singlebit error only bit in the data unit has changed
Table A code for error detection ( Example ) Note An errordetecting code can detect only the types of errors for which it is designed other types of errors may remain undetected
What is the error detection and correction capability of this scheme
In other words if this code is used for error correction part of its capability is wasted
For each case what is the error that can not be caught
Table Standard polynomials CHECKSUM The last error detection method we discuss here is called the checksum
However we briefly discuss it here to complete our discussion on error checking The last error detection method we discuss here is called the checksum
However we briefly discuss it here to complete our discussion on error checking Topics discussed in this section Idea Ones Complement Internet Checksum Topics discussed in this section Example Suppose our data is a list of five bit numbers that we want to send to a destination
If the result is it assumes no error otherwise there is an error

++++

Data Link Layer Data can be corrupted during transmission
during transmissionSome applications require that Some applications require that errors be detected and corrected
Data can be corrupted Error Detection and Correction Network must be able to transfer data from one devices to another with acceptable accuracy
The chances of data being corrupt can not be ignored
The number of errors and the size of the message are important factors
What is the error detection and correction capability of this scheme
<eos>","INTRODUCTION: Let us first discuss some issues related directly or indirectly to error detection and correction. Some applications require that errors be detected and corrected, as data can be corrupted during transmission. The Data Link Layer, in particular, must be able to transfer data from one device to another with acceptable accuracy; thus, the chances of data being corrupt cannot be ignored. The number of errors and the size of the message are important factors in this context. Topics discussed in this section include Types of Errors, Redundancy, Detection Versus Correction, Forward Error Correction Versus Retransmission, Coding, and Modular Arithmetic. Note that in a single-bit error, only one bit in the data unit has changed. An error-detecting code can detect only the types of errors for which it is designed; other types of errors may remain undetected. In other words, if this code is used for error correction, part of its capability is wasted. The last error detection method we discuss here is called the checksum; however, we briefly discuss it here to complete our discussion on error checking. Related checksum topics include Idea, Ones Complement, and Internet Checksum. For example, suppose our data is a list of five-bit numbers that we want to send to a destination; if the result is 'it', it assumes no error, otherwise there is an error. For each case, we must consider what error cannot be caught and what is the error detection and correction capability of this scheme."
merged_topic_10_0,"generator, note, simple, errors, isolated, divisible, caught, useless, criteria","<task:merge> <sos>
Note A simple paritycheck code is a singlebit errordetecting code in which n k with dmin
This shows that the simple parity check guaranteed to detect one single error can also find any odd number of errors
Note A simple paritycheck code can detect an odd number of errors
Note In a cyclic code those e ( x ) errors that are divisible by g ( x ) are not caught
Note If the generator has more than one term and the coefficient of x is all single errors can be caught
Example Find the status of the following generators related to two isolated singlebit errors
This is a very poor choice for a generator
A codeword with two isolated errors up to bits apart can be detected by this generator
Note A generator that contains a factor of x can detect all oddnumbered errors
Note A good polynomial generator needs to have the following characteristics

++++

To find the criteria that must be imposed on the generator g ( x ) to detect the type of error that need to be detected
Those errors that are not divisible by g ( x ) are not In a cyclic code those e ( x ) errors that are divisible by g ( x ) are not caught
Note If the generator has more than one term and the coefficient of x is all single errors can be caught
This g ( x ) is useless
<eos>","A simple parity-check code is a single-bit error-detecting code in which n k with dmin; this simple parity check is guaranteed to detect one single error and can also find any odd number of errors. To detect the specific type of error that needs to be detected, criteria must be imposed on the generator g(x), as a good polynomial generator needs particular characteristics. In a cyclic code, those errors e(x) that are divisible by g(x) are not caught. If the generator has more than one term, its coefficient of x is such that all single errors can be caught. Furthermore, a generator that contains a factor of x can detect all odd-numbered errors. For instance, some generators, such as one capable of detecting a codeword with two isolated errors up to bits apart, can be useful, while others prove to be a very poor choice or useless. This involves finding the status of generators related to two isolated single-bit errors."
